,file_name,file_size,entry_point,num_sections,timestamp,md5,dlls,functions,cluster
0,EEE99EC8AA67B05407C01094184C33D2B5A44,5120,27632,3,1263576056,c6bc4ab329552467575de2fa323d5525,45,76,0
1,L11_1415EB8519D13328091CC5C76A624E3D,14336,2042528,3,1306744169,bc17ea78d743c26b7640c28b34827bbc,58,97,0
2,FGJKJJ1_2BA0D0083976A5C1E3315413CDCFFCD2,5632,28064,3,1242321160,60457bfba21f444030bcb55652265f76,57,98,0
3,8442AE37B91F279A9F06DE4C60B286A3,5120,27632,3,1263576056,b95f30fe09b54360e1c689105b6cad2d,45,76,0
4,F8437E44748D2C3FCF84019766F4E6DC,5632,28064,3,1242321160,a60efd35078178fe8a38bfa5ec19d447,57,98,0
5,NBV_8B75BCBFF174C25A0161F30758509A44,5632,28064,3,1242321160,d07399600be38dc86a9ee3e15ee3ba07,57,98,0
6,VC990_468FF2C12CFFC7E5B2FE0EE6BB3B239E,348160,775248,3,1294716122,c2e29392ab2269a917d50e408b4968cb,101,132,1
7,B98hX8E8622C393D7E832D39E620EAD5D3B49,285184,614704,3,1271734767,4f5d87ad12d7a5847699966556bf2894,91,116,1
8,JH78C0A33A1B472A8C16123FD696A5CE5EBB,5632,28064,3,1242321160,839583bde18d844c33397792f5165ba4,57,98,0
9,A316D5AECA269CA865077E7FFF356E7D,5632,28064,3,1242321160,b935e7000e4e2314b5fcfb102c274346,57,98,0
10,VBMM9_149B7BD7218AAB4E257D28469FDDB0D,14336,2042528,3,1306744169,c743474fe466cfad09466500104e7b54,58,97,0
11,785003A405BC7A4EBCBB21DDB757BF3F,5632,28064,3,1242321160,f757a6d6a78a786dd6a092fce8a0039b,57,98,0
12,PL98_BD8B082B7711BC980252F988BB0CA936,344576,804624,3,1319015949,10bd9e2567641701d3858b041a20e1c4,91,101,1
13,33DE5067A433A6EC5C328067DC18EC37,5632,28048,3,1195429813,c1d952dc830080046723d63f70e790e9,57,98,0
14,K99_C3A9A7B026BFE0E55FF219FD6AA7D94,15360,3422617582,3,1285661381,eb29782a433e20489e6631b21ede82ce,82,1011,2
15,650A6FCA433EE243391E4B4C11F09438,5632,28064,3,1242321160,768f27f004110971bb096c8b96b7c52e,57,98,0
16,AL65_DB05DF0498B59B42A8E493CF3C10C578,344576,804624,3,1319015949,c69623bef786488de0b5ebb253add7b1,91,101,1
17,1F2EB7B090018D975E6D9B40868C94CA,5120,27632,3,1263576056,ce91225d493753ef351f132b84addb58,45,76,0
18,DS22_A670D13D4D014169C4080328B8FEB86,15360,3422617582,3,1285661381,87d42bf400e7e4bbc9a634c99b0c3885,82,1011,2
19,POL55_A4F1ECC4D25B33395196B5D51A06790,15360,3422617582,3,1311923431,add869e77de67203223d83da817522b3,82,1011,2
20,SAM_B659D71AE168E774FAAF38DB30F4A84,15360,3422617582,3,1312877729,da814144d18d9a0840e76a991b3af5cc,82,1011,2
21,6FAA4740F99408D4D2DDDD0B09BBDEFD,5632,28064,3,1242321160,5816b33615c9fae97302b79609afa71f,57,98,0
22,FTTR9EA3C16194CE354C244C1B74C46CD92E,5120,27632,3,1263576056,96acae587b80e7e6f06803e8c0302791,45,76,0
23,RTC_7F85D7F628CE62D1D8F7B39D8940472,14336,2042528,3,1306744169,5d5b3825eee34f4a2704c714ee7087c7,58,97,0
24,QW2_4C6BDDCCA2695D6202DF38708E14FC7E,295424,684672,3,1265185353,9623fe1ae6f4ee1a3164a9bfa59aecaa,91,115,1
25,JKK8CA6FE7A1315AF5AFEAC2961460A80569,5632,28064,3,1242321160,fc2089dcb79a5848500d1b0cfd009f04,57,98,0
26,GFT4_7DDD3D72EAD03C7518F5D47650C8572,16896,3422617582,4,1313723257,33f1874eff4e75fb799612646c031673,70,1089,2
27,TG78Z__727A6800991EEAD454E53E8AF164A99C,348160,775248,3,1294716122,a2b5d42d12a3f3fb4e633aa33df26033,101,132,1
28,GBV66_8F259BB36E00D124963CFA9B86F502E,15360,3422617582,3,1313068549,c1d42b9c7d82474001cfe7ece3aa6464,82,1011,2
29,99A39866A657A10949FCB6D634BB30D5,5632,28048,3,1195429813,0a906cdc18c0d5459e816200092ee03f,57,98,0
30,HJGQDD892986B2249B5214639ECC8AC0223,5632,28064,3,1242321160,204146bc44aca27fcbd9af77c0ccfb47,57,98,0
31,FGTR43_EF8E0FB20E7228C7492CCDC59D87C690,295424,684768,3,1265704183,ffb85003b6d00773e7665c9b803e075b,91,115,1
32,FGTR43_EF8E0FB20E7228C7492CCDC59D87C690,295424,684768,3,1265704183,ffb85003b6d00773e7665c9b803e075b,91,115,1
33,F6655E39465C2FF5B016980D918EA028,5120,27632,3,1263576056,9d886696747ef356445d600b6786f9e6,45,76,0
34,AAAz2E1B6940985A23E5639450F8391820655,344576,804608,3,1319015770,02b0fa21d0085ba0cf4494b2218630df,91,101,1
35,BVJ2D9FBF759F527AF373E34673DC3ACA462,5632,28064,3,1242321160,f7b91ed124a60953bc67f3404c9c0876,57,98,0
36,FHHH6576C196385407B0F7F4B1B537D88983,5632,28064,3,1242321160,b54ed480c9dd186b74fe853ff09298cd,57,98,0
37,B07322743778B5868475DBE66EEDAC4F,5120,27632,3,1263576056,55e5f6b9080617a240c0b8b11a24bb03,45,76,0
38,NV99_C9C9DBF388A8D81D8CFB4D3FC05F8E4,15360,3422617582,3,1285661381,8874b81f600b0a93723be682e939d7f2,82,1011,2
39,65018CD542145A3792BA09985734C12A,5632,28048,3,1195429813,da035a6ba07e51b939ffdea2d2e9381e,57,98,0
40,KLp90_6D5C8FC4B14559F73B6136D85B94198,15360,3422617582,3,1285661381,ab1b1c52f7177565e809d4ee9692c9bd,82,1011,2
